Salon Name,Phone,Address,Rating,Reviews,Website,Latitude,Longitude
"Cheritan Makeup Studio & Academy - Makeup Course & Bridal Makeup in KPHB, Hyderabad",099515 68989,"saibaba temple, near Kphb metro station, Venkat Nagar, Bhagya Nagar Colony, Kukatpally, Hyderabad, Telangana 500072, India",4.9,174,https://www.cheritan.com/,17.4943296,78.4031176
Priya Bridal Makeup Artist,093472 27585,"H.no 4-32--1247, plot no 373, Phase 2, near manna medical and general Store, Shiva Nagar, Allwyn Colony, Kukatpally, Hyderabad, Telangana 500072, India",5,86,,17.5044383,78.415781
RELOOKS INDIA-Professional Bridal Makeovers Best MakeUp Artist in Hyderabad-Studio and Academy,080744 75537,"501, Krishna Splender, Road, 18, Sardar Patel Nagar Rd, Kukatpally Housing Board Colony, IDPL Staff Cooperative Housing Society, JNTU, Hyderabad, Telangana 500085, India",5,28,http://www.relooks.in/,17.496534,78.3894214
Mamatha Makeovers – Best Bridal Makeup Artist & Beauty Studio in Hyderabad,,"H.no: 1, H, 1-1-21, 31-4, Hyder Nagar, RamNaresh Nagar, Kukatpally, Miyapur, Hyderabad, Telangana 500085, India",5,14,,17.5011195,78.3803915
Geetha's Makeup Studio & Academy,099483 01234,"302, GRB Avenue, Opp Kavya Hospitals, Bhagyanagar Colony, Metro Station, near KPHB, Kukatpally Housing Board Colony, Gayatri Nagar, Vivekananda Nagar, Kukatpally, Hyderabad, Telangana 500072, India",4.8,115,,17.4942657,78.4055032
Glossy Glow Studio,070750 53018,"Flat No 507 5th Floor, Sai Anusha Lakshmi Heights, opp. to Nsk Exotica, Paparayadu Nagar, Kukatpally, Hyderabad, Telangana 500072, India",4.9,60,,17.490121,78.42342889999999
Pooja Agarwal Makeup Artist,095811 02076,"Comfort Avenue The Elegance, G-4, Rd Number 9-I, Bandari Layout, Vasanth Nagar Colony, Nizampet, Hyderabad, Telangana 500090, India",4.9,159,https://www.instagram.com/poojaagarwal_makeupartist?igsh=cWNpcXRndW52dmE1,17.522612,78.3847285
Shree's makeup and beauty academy,090145 76676,"Flat no 232, 1st floor, HMT Sathavahana Nagar Rd, opp. kphb Colony, Hmt Sathavahana Nagar, Kukatpally, Hyderabad, Telangana 500072, India",5,109,,17.4982361,78.4017423
Jyothi Blush Makeup Studio & Academy,077939 93995,"3rd floor, Plot no 32 & 28, Vasanth Nagar Main Rd, beside bank of baroda, Sardar Patel Nagar, Hyder Nagar, Kukatpally, Hyderabad, Telangana 500085, India",5,178,https://jyothiblushacademy.com/,17.4977209,78.3891975
Nikitha Reddy | Bridal Makeup Artist in Hyderabad,083093 65021,"Hi-tension, signix space Aditya Nagar, Nizampet, Lane, Hyder Nagar, Nagarjuna Homes, Kukatpally, Hyderabad, Telangana 500085, India",4.9,59,https://wa.link/iucs95,17.5052879,78.3920069
Makeup and hairstyles by Usha Jamila,082470 27099,"HUDA Techno Enclave, HITEC City, Hyderabad, Telangana 500081, India",5,95,,17.4450016,78.383245
Madhulatha Makeup Artist,083094 28371,"8-3, 167/R/30&31, flat no:401, Krishna murthy residency, Road No. 1, Rajeev Nagar, naga, Hyderabad, Telangana 500045, India",4.9,76,https://www.instagram.com/madhulatha_makeupartist/,17.4473062,78.4267196
Mouni Bridal makeup artist,094949 26001,"Kukatpally Housing Board Colony, KPHB Phase 2, Kukatpally, Hyderabad, Telangana 500072, India",4.1,79,,17.4876191,78.395377
Hanuu’s Makeup Studio_ Academy,088978 83007,"2-24/1, Sai Mandir Road, Kondapur, Hanuman Nagar, Prashanth Nagar Colony, Gachibowli, Hyderabad, Telangana 500084, India",4.9,458,,17.4624635,78.3657568
The Uma Chowdary Makeup Studio & academy,093913 37975,"Bhavani Nagar, Moosapet, Hyderabad, Telangana 500018, India",5,64,,17.4696919,78.4280594
The Glossy Looks Beauty Makeup and Hair Women Salon & wedding Salons,099669 70003,"C9V3+3H3 Laxmi Enclave, 17, Old Mumbai Hwy, Vinayak Nagar, Indira Nagar, Gachibowli, Hyderabad, Telangana 500032, India",4.9,416,,17.4426465,78.3539376
Anu MakeUp Artists,093814 85486,"Shop No 201 Bharat Petroleum LVR Balaji Garudadri, Pragathi Nagar Rd, Krishnaveni Nagar, Tulasi Nagar, Tulasi Nagarchenchu guda, Kukatpally, Hyderabad, Telangana 500085, India",5,24,https://www.instagram.com/vijayalakshmi_j_artist/,17.507903,78.39604349999999
Mahdiyeh’s Makeup Studio,091000 63200,"8-2-277, B/1, Road No. 2, BNR Colony, Venkat Nagar, Banjara Hills, Hyderabad, Telangana 500034, India",4.9,703,https://mahdiyehsmakeupstudio.com/,17.4246183,78.43262179999999
Makeup artist by manju,076720 20572,"Gajularamaram Rd, Sanjay Gandhi Nagar, sanjiy, gandi nagar, Hyderabad, Telangana 500055, India",5,33,,17.5184223,78.4358225
Divya Professional Makeup Artist,093818 24540,"Road No. 4, Balaji Nagar Colony, raod, Nizampet, Hyderbad, Hyderabad, Telangana 500090, India",5,14,,17.5127522,78.3749157
Kv makeovers by keerthi varma,070133 41305,"719, 9th Phase Rd, 9th Phase, Venkata Ramana Colony, Kukatpally, Hyderabad, Telangana 500085, India",4.9,23,,17.4862651,78.3804281
Makeup artist by soujanya,089193 69706,"Ayyappa Society, Sri Sai Nagar, Madhapur, Hyderabad, Telangana 500081, India",4.8,22,https://www.instagram.com/makeup_artist_by_soujanya?igsh=MTZmMDQ3eWF2b3Y5,17.4433231,78.3917129
MDM Beauty and Make-Up Studio,077996 41119,"shop # 11, Sri Krishna Avenue, Gokul plots, Gokul Enclave, Venkata Ramana Colony, Hafeezpet, Hyderabad, Telangana 500085, India",5,52,https://www.instagram.com/mdmbeautyandmakeupstudio/,17.4809506,78.3790094
Makeup by siri's,076248 45906,"Kukatpally Housing Board Colony, KPHB 5th Phase, Kukatpally, Hyderabad, Telangana 500085, India",5,9,,17.4840974,78.390444
Anitha Sri Makeup Artist,093984 75808,"4-32-41/51/1, Allwyn Colony Rd, near Mahakal temple, Kamalaprasanna Nagar, Madhavaram Nagar Colony, Kukatpally, Hyderabad, Telangana 500072, India",5,23,https://instagram.com/anithaavanur?igshid=NGExMmI2YTkyZg==,17.4990572,78.416867
Kaveri Makeup Artist,,"100 Feet Rd, Madhapur, Hyderabad, Telangana 500081, India",4.9,56,https://www.instagram.com/kaveri_makeupartist/,17.4520493,78.3926762
"Preeti Makeup Artist (Hairstyle, Saree Draping & Saree Box Folding, Saree Box-Folding Classes,Saree Pre-Pleating, Makeup)",062814 27271,"Takara Basthi, Yaadein Nagar, Old Ghasmandi, Shivaji Nagar, Hyderabad, Secunderabad, Telangana 500003, India",5,30,https://www.instagram.com/avanthirakela_makeupartist?igsh=MXJ1MnNpZzR0OHFi,17.4320841,78.4937655
Sejal Agrawal Professional Makeup Artist,063756 71795,"204 Matrix Marigold Apartment, near Swiss Castle Bakery, Kondapur, Raghavendra Colony, Gachibowli, Hyderabad, Telangana 500084, India",5,14,,17.4680386,78.3586668
"VS Academy (Beauty, Makeup, Hair, Nail) Training Institute in Hyderabad",,"3rd floor, Flat no 303, A Block, Prabhath Signature, Hmt Sathavahana Nagar, Kukatpally, Hyderabad, Telangana 500072, India",4.9,18,http://www.vsacademyhyd.com/,17.497037,78.40155299999999
Shubhangi Glam Touch – Mehendi & Makeup Artist,,"Cross Road, near SVS Hospital, Mahalaxmi Nilayam, Chappal Bazar, Kachiguda, Hyderabad, Telangana 500027, India",5,5,https://glowbyshubhangi.sbs/,17.3866394,78.4947286
"Ever Glow Makeup, Hair & Beauty Academy",,"2nd Floor, Sr digi school, BJP Office Rd, opposite building, Shanthi Nagar, Kukatpally, Hyderabad, Telangana 500072, India",5,20,,17.4851267,78.4146679
Nikitha reddy Makeup artist,090100 79997,"Sri Vinayaka Nagar Colony, KTR Colony, Venkatraya Nagar, Nizampet, Hyderabad, Telangana 500090, India",4.9,14,http://nikithareddy.com/,17.5146092,78.37787949999999
Orane International School of Beauty And Wellness Hyderabad,091548 36649,"2nd Floor, NH 65, MIG-230, above IDBI Bank, opposite Metro Pillar No. A741, Kukatpally Housing Board Colony, K P H B Phase 1, Kukatpally, Hyderabad, Telangana 500072, India",4.7,285,https://www.oranehyderabad.in/,17.4941348,78.3999825
The Glossy Looks - Kondapur - Beauty and Hair styling Women's Salon & wedding bridal Makeup Artist,091547 44608,"2-24/1, Kondapur, Hanuman Nagar, Prashanth Nagar Colony, Kondapur, Kothaguda, Hyderabad, Telangana 500084, India",4.9,1143,http://glossylooks.in/,17.4625249,78.3659134
Laxmi Makeup Artist,090108 20596,"Balaji Layout, Sri Balaji Layout, Gajularamaram, Hyderabad, Telangana 500117, India",5,5,,17.5288,78.42234409999999
Dusky Makeover Studio and Makeup training academy,080191 20569,"Plot no 544, Flat no 202, Shiva Sai Murali Ramaneeyam, near peacock junction, Pragathi Nagar, Nizampet, Hyderabad, Telangana 500090, India",4.8,56,,17.5168479,78.39584479999999
Visual Delight19 Makeup Artist,072594 71991,"7359, Janapriya Metropolis Apts, Moti Nagar, Erragadda, Hyderabad, Telangana 500114, India",5,26,https://www.instagram.com/visualdelight19makeupartist?igsh=c2hyc3Vzemc1dDRo,17.4556247,78.42936329999999
Isha Mehandi Artist And Makeup Artist Hyderabad,084838 62884,"Flat no 410, gerbera block, BHANU TOWNSHIP, Allwyn X Road, Prajay City, Hafeezpet, Miyapur, Hyderabad, Telangana 500049, India",4.7,71,,17.491495,78.35558870000001
HK Permanent Makeup Clinic,090523 39052,"metro station, Plot no 14, Road No. 1, beside JNTU Road, Vasant Nagar, Hydernagar, Kukatpally, Hyderabad, Telangana 500085, India",4.7,2953,http://hkpmuclinic.com/,17.4984676,78.3873675
Glow Makeover,,"Block-A, 408, Vazhraa Prathik Rd, Madhura Nagar, Nizampet, Hyderabad, Telangana 500090, India",5,7,,17.5147136,78.3856028
Angels professional beauty parlour and training institute and make artists Dharma Reddy Colony,082974 92976,"MIG-87-88, Kukatpally Housing Board Colony, Dharma Reddy Colony Phase I, Kukatpally, Hyderabad, Telangana 500085, India",4.8,68,,17.494215,78.395809
RJ Makeup academy and studio,070324 89622,"GEM Square Building, Vittal Rao Nagar, Madhapur, Hyderabad, Gafoornagar, Telangana 500081, India",5,24,,17.4414211,78.38784989999999
Pretty Looks Makeup Artist,076759 37278,"38-159/1, Panch Sheela Colony, Asbestos Colony, Kukatpally, Hyderabad, Telangana 500037, India",,,https://www.instagram.com/pretty_looks_makeup_artist?igsh=MWV6bWZkemFkcTAzcA==,17.490992,78.4301809
Nakshatra Beauty Zone (Bridal makeup artist),079939 10389,"1-90/3/b, Vinayaka Nagar, Arunodaya Colony, Vittal Rao Nagar, Madhapur, Hyderabad, Telangana 500081, India",4.7,70,,17.4432233,78.386701
Makeup artist Eshika,084838 62884,"F8WX+H24 Miyapur Police Station, 123, Krishi Nagar St, near Bajaj Electronics - Madeenaguda, Tiwari Nagar, Hyderabad, Miyapur, Telangana 500049, India",5,4,,17.496353,78.3475757
Velvet glam vijji Chowdary makeup artist,,"tower-1, janakirama towers, Brundavan Colony Rd, Saisrinagar Colony, Hyder Nagar, Brindavan Colony, Kukatpally, Hyderabad, Telangana 500085, India",,,,17.5015359,78.3866568
haritha_makeover_14,,"F9JH+M8M Gokul plots, 1309, Venkata Ramana Colony, Hafeezpet, Hyderabad, Telangana 500085, India",4.9,18,,17.481743,78.378315
Mahima Makeup Studio,,"3-4-58/A, Gandhi Nagar, Rajendra Nagar, Ramanthapur, Hyderabad, Telangana 500013, India",5,121,,17.3916231,78.54154199999999
SAI JYOTHI MAKEUP ARTIST,,"Tulasi Vanam, near hp petrol pump, Mahankali Nagar, kphb, Kukatpally, Hyderabad, Telangana 500085, India",5,1,https://www.instagram.com/saijyothi_makeup_artistry56?igsh=Y2swMHY2NWFrMXN5,17.5031854,78.4077066
Jk Golden touch beauty parlour,075695 51430,"Rd Number 2, Kukatpally Housing Board Colony, K P H B Phase 1, Kukatpally, Hyderabad, Telangana 500072, India",4.9,770,https://www.instagram.com/jk_golden_touch_?igsh=MXF3cHdhbDdqd3NrYw==,17.4925929,78.4009088
Makeup artist,072868 81452,"2, Gajularamaram Rd, Vivekananda Nagar, Srinivas Colony, Rodamestry, Rodamestri Nagar, Hyderabad, Telangana 500055, India",5,1,,17.5136131,78.43677009999999
Poonam jaiswal Professional makeup artist,,"Devender Nagar, Gajularamaram, Hyderabad, Telangana 500055, India",5,1,,17.5285425,78.41082879999999
Priyas Bloom Makeup Studio & Academy,099519 95661,"Bhagawan plaza, first floor, Huda park lane, Allwyn Colony Rd, opp. montessori school, Vijaya Nagar Colony, Kukatpally, Hyderabad, Telangana 500072, India",5,6,https://www.instagram.com/priyanka_makeupartist_hair?igsh=dHJ6YzdkM3dzeDl4,17.4984511,78.4105053
Aruu's Makeovers - Makeup Studio & Academy,070939 65375,"1st floor Mallareddy nagar phase 2 entrance Rodamestri nagar, beside Rock cycle mart, above Yuva Trendz Menswear, Prakasham Panthulu Nagar, Gajularamaram, Hyderabad, Telangana 500117, India",5,18,,17.5215903,78.41899169999999
Princy Makeup Artist,089787 86755,"1st Floor, Princy Beauty n Spa,Surabhi Shradha Apts, Ahuja Estate, beside Jashan Express, Sultan Bazar, Abids, Hyderabad, Hyderguda, Telangana 500001, India",4.7,68,https://m.facebook.com/Princymakeupartist/,17.3909815,78.4776304
Siro Make-up Studio & Academy,078935 40227,"Plot no 270/G, 3rd floor, Road Number 10, above Axis bank, Gayatri Hills, Jubilee Hills, Hyderabad, Telangana 500045, India",4.1,77,,17.4349014,78.414215
Jyothi bridal makeovers,,"Balaji Nagar, Kukatpally, Hyderabad, Telangana 500072, India",5,19,https://www.instagram.com/jyothi_bridalmakeovers?igsh=emswc2dyMTg1aWg1,17.486046,78.40598489999999
Blush Crush Makeup Studio,099493 06610,"Plot num 970, SRI SAI NILAYAM, Salivahana Colony, Hafeezpet, Hyderabad, Telangana 500085, India",4.8,6,,17.4857503,78.3774082
Monika Makeup Artist,090301 23548,"884, Shivaji Nagar, Tulasi Nagar, Sanath Nagar, Hyderabad, Telangana 500018, India",4.8,17,https://sites.google.com/view/monikamakeovers/,17.4550427,78.44244909999999
Shireesha Make-Up Artist,096428 49125,"Sree, Venkatraya Nagar, Nizampet, Hyderabad, Telangana 500090, India",4.7,15,http://www.sirimakeup.com/,17.5163716,78.3763788
NS Beauty salon (only for ladies),063014 80104,"opp. sri chaitanya school, beside Airtel Showroom, Saptagiri Colony, Vivekananda Nagar, Kukatpally, Hyderabad, Telangana 500072, India",4.9,380,,17.4982539,78.4149034
Autumn Salon,080197 51959,"Plot No.83, 9th Phase, behind Nexus Mall, Kukatpally Housing Board Colony, K P H B Phase 9, Kukatpally, Hyderabad, Telangana 500085, India",4.9,723,https://autumnsalon.in/,17.4851579,78.3882239
Akshai womens beauty salon KPHB,095506 54584,"Room no B1 2 nd floor, Kapil Complex, Kukatpally Housing Board Colony, K P H B Phase 6, Kukatpally, Hyderabad, Telangana 500085, India",4.8,17,https://www.akshaiunisexsalon.in/,17.4863344,78.38842029999999
Looks and Trends Women Parlour & Boutique,063013 15211,"Plot no, Gokul Plots, 987 - 990 Venkateshwara arcade, 13th Phase Rd, Kukatpally Housing Board Colony, Venkata Ramana Colony, Hafeezpet, Hyderabad, Telangana 500085, India",4.9,68,,17.4840155,78.37734259999999
"Lakme Salon in Malaysian Township,Hyderabad",072070 41666,"Second floor, 6th Phz, above Axis Bank, Kukatpally Housing Board Colony, K P H B Phase 3, Kukatpally, Hyderabad, Telangana 500085, India",4.8,1644,https://salons.lakmesalon.in/lakme-salon-in-malaysian-township-hyderabad-malaysian-township-hyderabad-beauty-parlour-kukatpally-hyderabad-395664/Home,17.4865564,78.39069789999999
Renu Sree Ladies Beauty & Spa,099491 76736,"Rd Number 2, near KPHB Metro Station, Kukatpally Housing Board Colony, K P H B Phase 1, LIG 13, Hyderabad, Telangana 500072, India",4.5,144,,17.4933126,78.4008893
Srivalli Beauty Parlour,099660 91135,"F9PV+RXQ, Kukatpally Housing Board Colony, KPHB Phase 2, Kukatpally, Hyderabad, Telangana 500072, India",4.8,471,,17.4871065,78.39504389999999
Looks Beauty Parlour for Ladies,080198 17278,"15-24-520, Plot-520, MIG - I, Phase - I & II, Bus Stop, Towards, Rd Number 1, opp. RK Towers, near Temple, Kukatpally Housing Board Colony, KPHB Phase 2, Kukatpally, Hyderabad, Telangana 500072, India",4.7,91,,17.4865662,78.3971938
"Manea the Salon - KPHB, Phase 2",091704 36666,"H.No. 216/HIG, 1st floor, next to Bank of Baroda, Kukatpally Housing Board Colony, Phase-I & II, Kukatpally, Hyderabad, Telangana 500072, India",4.9,1204,http://www.maneathesalon.com/kphb2,17.4912481,78.3989842
PnB Pony Salons Men and Women - KPHB,063053 67655,"VRK Silks, back side, LIG 622, above Arun Ice Creams, Kukatpally Housing Board Colony, K P H B Phase 1, Kukatpally, Hyderabad, Telangana 500072, India",4.8,1049,https://www.ponysalons.com/,17.4950187,78.3970343
Zara's beauty salon,091365 61919,"Mig-2 106, Kukatpally Housing Board Colony, K P H B Phase 9, Kukatpally, Hyderabad, Telangana 500085, India",4.8,71,,17.4853184,78.38315779999999
RB Royal Beauty ladies salon,,"SBI Bank, Gokul Plots circle, opposite Hyderabad, 9th Phase, Venkata Ramana Colony, KPHB, Hyderabad, Telangana 500085, India",4.9,90,,17.4878266,78.3817656
Cvet Salon Beauty Parlour Services At Home For Ladies,093985 92921,"5-36/3, opposite to Bashkara Resindential Palace, Prakash Nagar, Kukatpally, Hyderabad, Telangana 500072, India",4.9,136,,17.4899903,78.4192327
"GREATFULHEADS FAMILY SALON- hair & beauty, KPHB ROAD NO 1",090522 50708,"2nd floor, opp: holistic hospital, Mig-164, Rd Number 1, Kukatpally Housing Board Colony, K P H B Phase 1, Kukatpally, Hyderabad, Telangana 500072, India",4.8,636,,17.4889826,78.4002288
Nainiron unisex luxury salon,096666 88629,"Gokul Plots, Opp to Prajay Megapolis 1st Floor, Anus Plaza, 13th Phase Road Venkata Ramana Colony, Kukatpally Housing Board Colony, Venkata Ramana Colony, Hafeezpet, Hyderabad, Telangana 500085, India",4.9,751,http://nainironsalon.com/,17.4824614,78.3799901
"Rituals Family Salon | KPHB, Hyderabad",070977 60034,"2nd Floor, Mahalaxmi Pinnacle, Ks Bakers Lane, Kukatpally Housing Board Colony, K P H B Phase 6, Kukatpally, Hyderabad, Telangana 500085, India",5,219,,17.4874314,78.3903829
"Amjad Habib Hair & Beauty Premium Salon, Kukatpally",083675 55544,"1st floor, Jyothi arcade, 20/6, KPHB 6th Phase Rd, Opp. to NEXUS Mall Exit Gate, above IOB Bank, Kukatpally Housing Board Colony,, Kukatpally, By Stair Case, Down to Golkondaa Biryani House, Kukatpally Housing Board Colony, K P H B Phase 6, Kukatpally, Hyderabad, Telangana 500085, India",4.9,288,https://www.amjadhabib.net/,17.4851471,78.3889965
Roja's Natural Beauty Salon & Studio,079812 24030,"LIG 547, Rd Number 3, Kukatpally Housing Board Colony, K P H B Phase 1, Kukatpally, Hyderabad, Telangana 500072, India",4.9,405,,17.493753,78.39933529999999
Navya sri Ladies Beauty salon,094921 33201,"4-32-243, Buss stop, Plot No-52-B, Kukatpally - Jagathgiri Gutta Rd, opp. Rishitha Curries, 1st Phase Allwyn Colony, Allwyn Colony, Kukatpally, Hyderabad, Telangana 500072, India",4.9,174,,17.5016842,78.418803
Pretty womens salon,083099 17657,"1st floor, Sri Rama Sridhar residency, Hig 13, opposite to little tots international school, Kukatpally Housing Board Colony, K P H B Phase 9, Kukatpally, Hyderabad, Telangana 500085, India",4.4,44,,17.4852951,78.38640389999999
Glow up Hair and beauty parlour,095151 93622,"HIG 103, KPHB 5th Phase Rd, Kukatpally Housing Board Colony, KPHB 5th Phase, Kukatpally, Hyderabad, Telangana 500085, India",4.5,177,http://www.glowup.com/,17.4799965,78.3928358
Naturals Salon,096524 40222,"1st Floor, MIG 88, Rd Number 1, above Dr Kiran's Eye Hospital, Kukatpally Housing Board Colony, K P H B Phase 1, Kukatpally, Hyderabad, Telangana 500072, India",4.5,2124,https://salons.naturals.in/naturals-salon-beauty-salons-kukatpally-housing-board-colony-hyderabad-307088/Home,17.4894116,78.4007939
Greens Family Saloon & Spa | Hair & Beauty Salon in KPHB | hair salons in KPHB | Beauty Parlours in KPHB,090520 99528,"13th Phase Rd, opposite Prajay Megapolis, Kukatpally Housing Board Colony, Venkata Ramana Colony, Hafeezpet, Hyderabad, Telangana 500085, India",4.9,107,https://greenfamilysaloon.com/,17.4815333,78.379637
Modern Beauty Studio,096660 91199,"Plot No: 509, D.No: 2-23-483, HMT Hills, Kukatpally, Hyderabad, Telangana 500085, India",5,79,,17.5034691,78.39560089999999
Shalini's Ladies Beauty Parlour,091331 88555,"Plot no 633 Sri lakshmi parvatha Enclave Near gokul plots society Office venkataramana colony Phase, 13, Kukatpally Housing Board Colony, Venkata Ramana Colony, Hafeezpet, Hyderabad, Telangana 500085, India",4.9,46,,17.4869117,78.3809765
"Spin Salon | KPHB, Hyderabad",099850 03131,"Spin salon, Syno 78, Plot no 13, Kukatpally Housing Board Colony, Venkata Ramana Colony, Kukatpally, Hyderabad, Telangana 500085, India",4.8,459,http://www.spinsalon.in/,17.4830747,78.38046419999999
Sirisha Beauty Parlour For Women,090529 39750,"Street No. 3, 93/c, Jal Vayu Vihar, Kukatpally, Hyderabad, Telangana 500085, India",3.8,89,,17.4981072,78.3964195
F2 Family salon kphb,099591 24488,"1st floor, baside aakruthi, Plot no. 44, near corporation bank, 9th phase, K P H B Phase 9, weavers, Hyderabad, Telangana 500085, India",4.9,108,,17.4875111,78.3833318
Page 1 Unisex Salon and Academy,085001 85262,"e seva line , opp Water tank ,Temple Bustop, HIG 61, Kukatpally Housing Board Colony, K P H B Phase 3, Kukatpally, Hyderabad, Telangana 500072, India",4.8,390,https://www.instagram.com/page1_unisexsalon_academy/?locale=fr_CA,17.4879128,78.39440309999999
"Marie Claire Paris Salon & Wellness, Kukatpally, Hyderabad",063094 21110,"1st Floor, HIG-6, 9th Phase Rd, next to State Bank of India, Kukatpally Housing Board Colony, K P H B Phase 6, Kukatpally, Hyderabad, Telangana 500085, India",4.8,487,http://www.marieclairesalon.in/,17.4856867,78.3879056
Olive's Beauty Parlour For Women's,086396 71973,"Opp: Subbaya Hotel, Remedy Hospital lane, F9VX+M85, Road No. 4, Kukatpally Housing Board Colony, Dharma Reddy Colony Phase I, Kukatpally, Hyderabad, Telangana 500072, India",4.5,23,,17.4941423,78.39835389999999
"Vaishnavi Beauty Parlour, Kukatpally ( HOME SERVICE)",099121 95999,"Sai Baba Temple Rd, near Bagh Ameer, Line, Bagh Ameer, Vivekananda Nagar, Kukatpally, Hyderabad, Telangana 500072, India",4.7,136,,17.4875534,78.4106848
Green Street Unisex Salon KPHB,080086 81418,"1st floor, Plot no. 2-22-311/171/C, Addagutta Society, Jal Vayu Vihar, Kukatpally, Hyderabad, Telangana 500085, India",4.8,475,http://rjsunisexsalon.com/?utm_source=gmb&utm_medium=referral,17.4992711,78.3961169
Restore Beauty Salon For Women,070323 60405,"Plot 1805,Near Butterflies School, Incois Road, Rajiv Gruhakalpa Main Rd, 3rd layout, Pragathi Nagar, Hyderabad, Telangana 500090, India",5,195,,17.5254918,78.3934323
Her Beauty Parlour & Training Academy,090636 86666,"Balaji Vilas hotel, lig 302, Rd Number 3, Kukatpally Housing Board Colony, K P H B Phase 1, Kukatpally, Hyderabad, Telangana 500072, India",5,15,,17.4919208,78.3985793
Bhavana beauty parlour,097019 66208,"Opp:ICICI ATM, Ramalayam Rd, beside Swastik honey, Sumitra Nagar Colony, Kukatpally, Hyderabad, Telangana 500072, India",4.9,77,https://g.co/kgs/QDxpKi,17.4857954,78.41314249999999
Mokshith Touch&Glow Beauty Parlour,080962 04746,"Lig 658 , Road no.6, VRK Silks, Lane, Kukatpally Housing Board Colony, K P H B Phase 1, Kukatpally, Hyderabad, Telangana 500072, India",4.9,60,,17.494854,78.39684629999999
Beauty Crush Parlour & Boutique,090144 41208,"LIG 187, Road No 2, 6th, Left Lane, Kukatpally Housing Board Colony, K P H B Phase 1, Kukatpally, Hyderabad, Telangana 500072, India",4.9,18,,17.4917588,78.40106039999999
BIO women Nail & Beauty,070935 25252,"Sudarshan Plaza, HIG 575, Kukatpally Housing Board Colony, K P H B Phase 6, Kukatpally, Hyderabad, Telangana 500085, India",4.3,77,,17.4869683,78.3883524
Smile Beauty Parlour for Women,,"MIG 25/5, 4th Phase Rd, near Klub Kitchen, Kukatpally Housing Board Colony, K P H B Phase 1, Kukatpally, Hyderabad, Telangana 500072, India",4.9,16,,17.488966,78.3983646
MV Beauty & Makeoverstudio,063019 93356,"Shop no 1, LIG 483, Rd Number 3, Kukatpally Housing Board Colony, K P H B Phase 1, Kukatpally, Hyderabad, Telangana 500072, India",5,22,,17.4931951,78.3990146
Mac Professional beauty saloon,099086 41775,"Balaji Residency, Addagutta Society, near Airtel Store, Kukatpally Housing Board Colony, Jal Vayu Vihar, jntu, Hyderabad, Telangana 500085, India",4.7,1018,,17.4981274,78.3951743
"Envi Salon & Spa - Forum Mall, Kukkatpally",080 6927 0014,"Shop No, Lower Ground Floor, Nexus Mall, 12 - 13, nearby Trends, Kukatpally Housing Board Colony, K P H B Phase 9, Kukatpally, Hyderabad, Telangana 500085, India",4.2,1836,https://salons.envi.in/envi-salon/hyderabad/Nexus-Mall-Kukkatpally/envi-salon-and-spa-in-Nexus-Mall-Kukkatpally-hyderabad--2oVFKE/home,17.4841547,78.38876789999999
Akarshana Beauty Parlour and Beauty Training Institute | Best parlour near nizampet,095152 94572,"16-227/177, plot no.177, Kukatpally Housing Board Colony, IDPL Staff Cooperative Housing Society, Kukatpally, Hyderabad, Telangana 500085, India",4.8,196,,17.4950581,78.3884221
GR8 Hands Luxury Unisex Salon,090002 65531,"Lakshmi arcade, Kukatpally Housing Board Colony, KPHB 5th Phase, Kukatpally, Hyderabad, Telangana 500085, India",5,296,,17.4803446,78.3943101
Lotus professional beauty salon,070136 57647,"MIG- B-17-1, near D-Mart, Kukatpally Housing Board Colony, KPHB 5th Phase, Kukatpally, Hyderabad, Telangana 500085, India",4.5,49,,17.4794318,78.392919
PJ hair & beauty unisex salon,084089 11456,"221 LIG , Fisherman Bar & restaurant to vencob Chicken center road, Kukatpally Housing Board Colony, K P H B Phase 7, Kukatpally, Hyderabad, Telangana 500085, India",4.9,143,https://tapmo.me/makeupartist-jairam,17.4743711,78.38773630000001
"Manea the salon- KPHB, Phase 15",084668 68788,"1st Floor, Kapil’s Plaza, Green Hills Rd, beside cakes & florets, KPHB Phase 15, Kukatpally, Hyderabad, Telangana 500085, India",4.8,382,http://www.maneathesalon.com/kphb15manea,17.468034,78.39571459999999
Jack & Jolie Unisex Makeover Studio,077300 44545,"Plot no 15, HIG, Lodha Rd, above Yard Bakery, Kukatpally Housing Board Colony, KPHB 5th Phase, Kukatpally, Hyderabad, Telangana 500085, India",4.6,234,,17.4805957,78.3938807
Sree Lalitha Beauty parlor,095155 24744,"Plot no 297 Nvsr Nilayam Road 3 venkataramana colony, beside KVL Badminton court, 9th Phase, VNR Residency, Venkata Ramana Colony, Kukatpally, Hyderabad, Telangana 500085, India",5,88,,17.4914143,78.380304
"Green Trends Salon, Kukatpally, Hyderabad",078937 49996,"House No 2-31/1, Plot No 9, Second Floor, Nizampet Rd, beside Sangamitra School, Jai Bharat Nagar, Nagarjuna Homes, Kukatpally, Hyderabad, Telangana 500085, India",4.7,3638,,17.5030314,78.3883352
Greatful Head Salon,096766 22016,"MIG-578, 3rd Phase Road - Note: We don't have any branches Phase - II, KPHB Cir, Kukatpally Housing Board Colony, KPHB Phase 2, Kukatpally, Hyderabad, Telangana 500072, India",4.6,582,,17.483046,78.3941947
"Manea the salon-13th Phase, KPHB",096660 51328,"1750,Sri Venkateswara Residency Gokul Plots, land mark, Prajay Megapolis, 13th Phase Rd, Kukatpally Housing Board Colony, Kukatpally, Hyderabad, Telangana 500085, India",4.6,423,,17.4834527,78.380653
Tiana's Beauty Lounge(Only for Ladies),095055 54455,"MSV Balaiah Residency, 4-35-530/B, Madhavaram Nagar Colony, Kukatpally, Hyderabad, Telangana 500072, India",5,14,,17.4988557,78.4178556
VANI's BEAUTY PARLOUR,077029 09993,"SHOP NO.1 A, Sterling Emerald Complex, PLOT NO-118, LANE, beside TELANGANA OFFICE, opp. KPHB COLONY, Bhagya Nagar Colony, Kukatpally, Hyderabad, Telangana 500072, India",4.8,39,,17.4953261,78.4019555
Vave Salon Kphb Colony,081065 49696,"Phase 1, H.No 219/ HIG, Rythubazar Rd, opp. Sri Sri Sri Laxmi Ganpathi Temple, Kukatpally Housing Board Colony, K P H B Phase 1, Kukatpally, Hyderabad, Telangana 500072, India",4.6,164,https://www.vavesalon.com/,17.4913924,78.3987331
Sri Suda's Beauty Spa And Saloon. Makeup artist (Only For Ladies),092901 08533,"Gokul Plots, 9th Phase Rd, Venkata Ramana Colony, Roja Raja Nilayam, K P H B Phase 9, Hafeezpet, Hyderabad, Telangana 500085, India",4.7,48,https://instagram.com/rekhamakeup_artist?igshid=NzZlODBkYWE4Ng%3D%3D&utm_source=qr,17.4888211,78.380592
